name,base_experience,height,weight,types,abilities,held_items,attack,defense,special_attack,special_defense,speed,image_url,cry_url
Chansey,395,11,346,Normal,"Natural-Cure, Serene-Grace, Healer","Oval-Stone, Lucky-Egg, Lucky-Punch",5,5,35,105,50,https://raw.githubusercontent.com/PokeAPI/sprites/master/sprites/pokemon/113.png,https://raw.githubusercontent.com/PokeAPI/cries/main/cries/pokemon/latest/113.ogg
Mewtwo,340,20,1220,Psychic,"Pressure, Unnerve",,110,90,154,90,130,https://raw.githubusercontent.com/PokeAPI/sprites/master/sprites/pokemon/150.png,https://raw.githubusercontent.com/PokeAPI/cries/main/cries/pokemon/latest/150.ogg
Dragonite,300,22,2100,"Dragon, Flying","Inner-Focus, Multiscale","Dragon-Scale, Dragon-Fang",134,95,100,100,80,https://raw.githubusercontent.com/PokeAPI/sprites/master/sprites/pokemon/149.png,https://raw.githubusercontent.com/PokeAPI/cries/main/cries/pokemon/latest/149.ogg
Mew,300,4,40,Psychic,Synchronize,Lum-Berry,100,100,100,100,100,https://raw.githubusercontent.com/PokeAPI/sprites/master/sprites/pokemon/151.png,https://raw.githubusercontent.com/PokeAPI/cries/main/cries/pokemon/latest/151.ogg
Articuno,290,17,554,"Ice, Flying","Pressure, Snow-Cloak",,85,100,95,125,85,https://raw.githubusercontent.com/PokeAPI/sprites/master/sprites/pokemon/144.png,https://raw.githubusercontent.com/PokeAPI/cries/main/cries/pokemon/latest/144.ogg
Zapdos,290,16,526,"Electric, Flying","Pressure, Static",,90,85,125,90,100,https://raw.githubusercontent.com/PokeAPI/sprites/master/sprites/pokemon/145.png,https://raw.githubusercontent.com/PokeAPI/cries/main/cries/pokemon/latest/145.ogg
Moltres,290,20,600,"Fire, Flying","Pressure, Flame-Body",,100,90,125,85,90,https://raw.githubusercontent.com/PokeAPI/sprites/master/sprites/pokemon/146.png,https://raw.githubusercontent.com/PokeAPI/cries/main/cries/pokemon/latest/146.ogg
Charizard,267,17,905,"Fire, Flying","Blaze, Solar-Power",,84,78,109,85,100,https://raw.githubusercontent.com/PokeAPI/sprites/master/sprites/pokemon/6.png,https://raw.githubusercontent.com/PokeAPI/cries/main/cries/pokemon/latest/6.ogg
Blastoise,265,16,855,Water,"Torrent, Rain-Dish",,83,100,85,105,78,https://raw.githubusercontent.com/PokeAPI/sprites/master/sprites/pokemon/9.png,https://raw.githubusercontent.com/PokeAPI/cries/main/cries/pokemon/latest/9.ogg
Venusaur,263,20,1000,"Grass, Poison","Overgrow, Chlorophyll",,82,83,100,100,80,https://raw.githubusercontent.com/PokeAPI/sprites/master/sprites/pokemon/3.png,https://raw.githubusercontent.com/PokeAPI/cries/main/cries/pokemon/latest/3.ogg
Poliwrath,255,13,540,"Water, Fighting","Water-Absorb, Damp, Swift-Swim",Kings-Rock,95,95,70,90,70,https://raw.githubusercontent.com/PokeAPI/sprites/master/sprites/pokemon/62.png,https://raw.githubusercontent.com/PokeAPI/cries/main/cries/pokemon/latest/62.ogg
Nidoqueen,253,13,600,"Poison, Ground","Poison-Point, Rivalry, Sheer-Force",,92,87,75,85,76,https://raw.githubusercontent.com/PokeAPI/sprites/master/sprites/pokemon/31.png,https://raw.githubusercontent.com/PokeAPI/cries/main/cries/pokemon/latest/31.ogg
Nidoking,253,14,620,"Poison, Ground","Poison-Point, Rivalry, Sheer-Force",,102,77,85,75,85,https://raw.githubusercontent.com/PokeAPI/sprites/master/sprites/pokemon/34.png,https://raw.githubusercontent.com/PokeAPI/cries/main/cries/pokemon/latest/34.ogg
Machamp,253,16,1300,Fighting,"Guts, No-Guard, Steadfast",Focus-Band,130,80,65,85,55,https://raw.githubusercontent.com/PokeAPI/sprites/master/sprites/pokemon/68.png,https://raw.githubusercontent.com/PokeAPI/cries/main/cries/pokemon/latest/68.ogg
Alakazam,250,15,480,Psychic,"Synchronize, Inner-Focus, Magic-Guard",Twisted-Spoon,50,45,135,95,120,https://raw.githubusercontent.com/PokeAPI/sprites/master/sprites/pokemon/65.png,https://raw.githubusercontent.com/PokeAPI/cries/main/cries/pokemon/latest/65.ogg
Gengar,250,15,405,"Ghost, Poison",Cursed-Body,Spell-Tag,65,60,130,75,110,https://raw.githubusercontent.com/PokeAPI/sprites/master/sprites/pokemon/94.png,https://raw.githubusercontent.com/PokeAPI/cries/main/cries/pokemon/latest/94.ogg
Vileplume,245,12,186,"Grass, Poison","Chlorophyll, Effect-Spore",Absorb-Bulb,80,85,110,90,50,https://raw.githubusercontent.com/PokeAPI/sprites/master/sprites/pokemon/45.png,https://raw.githubusercontent.com/PokeAPI/cries/main/cries/pokemon/latest/45.ogg
Raichu,243,8,300,Electric,"Static, Lightning-Rod",Oran-Berry,90,55,90,80,110,https://raw.githubusercontent.com/PokeAPI/sprites/master/sprites/pokemon/26.png,https://raw.githubusercontent.com/PokeAPI/cries/main/cries/pokemon/latest/26.ogg
Clefable,242,13,400,Fairy,"Cute-Charm, Magic-Guard, Unaware","Moon-Stone, Leppa-Berry, Comet-Shard",70,73,95,90,60,https://raw.githubusercontent.com/PokeAPI/sprites/master/sprites/pokemon/36.png,https://raw.githubusercontent.com/PokeAPI/cries/main/cries/pokemon/latest/36.ogg
Golem,223,14,3000,"Rock, Ground","Rock-Head, Sturdy, Sand-Veil","Everstone, Hard-Stone",120,130,55,65,45,https://raw.githubusercontent.com/PokeAPI/sprites/master/sprites/pokemon/76.png,https://raw.githubusercontent.com/PokeAPI/cries/main/cries/pokemon/latest/76.ogg
Victreebel,221,17,155,"Grass, Poison","Chlorophyll, Gluttony",,105,65,100,70,70,https://raw.githubusercontent.com/PokeAPI/sprites/master/sprites/pokemon/71.png,https://raw.githubusercontent.com/PokeAPI/cries/main/cries/pokemon/latest/71.ogg
Wigglytuff,218,10,120,"Normal, Fairy","Cute-Charm, Competitive, Frisk","Moon-Stone, Oran-Berry",70,45,85,50,45,https://raw.githubusercontent.com/PokeAPI/sprites/master/sprites/pokemon/40.png,https://raw.githubusercontent.com/PokeAPI/cries/main/cries/pokemon/latest/40.ogg
Pidgeot,216,15,395,"Normal, Flying","Keen-Eye, Tangled-Feet, Big-Pecks",,80,75,70,70,101,https://raw.githubusercontent.com/PokeAPI/sprites/master/sprites/pokemon/18.png,https://raw.githubusercontent.com/PokeAPI/cries/main/cries/pokemon/latest/18.ogg
Butterfree,198,11,320,"Bug, Flying","Compound-Eyes, Tinted-Lens",Silver-Powder,45,50,90,80,70,https://raw.githubusercontent.com/PokeAPI/sprites/master/sprites/pokemon/12.png,https://raw.githubusercontent.com/PokeAPI/cries/main/cries/pokemon/latest/12.ogg
Arcanine,194,19,1550,Fire,"Intimidate, Flash-Fire, Justified",Rawst-Berry,110,80,100,80,95,https://raw.githubusercontent.com/PokeAPI/sprites/master/sprites/pokemon/59.png,https://raw.githubusercontent.com/PokeAPI/cries/main/cries/pokemon/latest/59.ogg
Gyarados,189,65,2350,"Water, Flying","Intimidate, Moxie",,125,79,60,100,81,https://raw.githubusercontent.com/PokeAPI/sprites/master/sprites/pokemon/130.png,https://raw.githubusercontent.com/PokeAPI/cries/main/cries/pokemon/latest/130.ogg
Snorlax,189,21,4600,Normal,"Immunity, Thick-Fat, Gluttony","Chesto-Berry, Leftovers",110,65,65,110,30,https://raw.githubusercontent.com/PokeAPI/sprites/master/sprites/pokemon/143.png,https://raw.githubusercontent.com/PokeAPI/cries/main/cries/pokemon/latest/143.ogg
Lapras,187,25,2200,"Water, Ice","Water-Absorb, Shell-Armor, Hydration",Mystic-Water,85,80,85,95,60,https://raw.githubusercontent.com/PokeAPI/sprites/master/sprites/pokemon/131.png,https://raw.githubusercontent.com/PokeAPI/cries/main/cries/pokemon/latest/131.ogg
Exeggutor,186,20,1200,"Grass, Psychic","Chlorophyll, Harvest",,95,85,125,75,55,https://raw.githubusercontent.com/PokeAPI/sprites/master/sprites/pokemon/103.png,https://raw.githubusercontent.com/PokeAPI/cries/main/cries/pokemon/latest/103.ogg
Cloyster,184,15,1325,"Water, Ice","Shell-Armor, Skill-Link, Overcoat","Pearl, Big-Pearl",95,180,85,45,70,https://raw.githubusercontent.com/PokeAPI/sprites/master/sprites/pokemon/91.png,https://raw.githubusercontent.com/PokeAPI/cries/main/cries/pokemon/latest/91.ogg
Vaporeon,184,10,290,Water,"Water-Absorb, Hydration",,65,60,110,95,65,https://raw.githubusercontent.com/PokeAPI/sprites/master/sprites/pokemon/134.png,https://raw.githubusercontent.com/PokeAPI/cries/main/cries/pokemon/latest/134.ogg
Jolteon,184,8,245,Electric,"Volt-Absorb, Quick-Feet",,65,60,110,95,130,https://raw.githubusercontent.com/PokeAPI/sprites/master/sprites/pokemon/135.png,https://raw.githubusercontent.com/PokeAPI/cries/main/cries/pokemon/latest/135.ogg
Flareon,184,9,250,Fire,"Flash-Fire, Guts",,130,60,95,110,65,https://raw.githubusercontent.com/PokeAPI/sprites/master/sprites/pokemon/136.png,https://raw.githubusercontent.com/PokeAPI/cries/main/cries/pokemon/latest/136.ogg
Starmie,182,11,800,"Water, Psychic","Illuminate, Natural-Cure, Analytic","Stardust, Star-Piece",75,85,100,85,115,https://raw.githubusercontent.com/PokeAPI/sprites/master/sprites/pokemon/121.png,https://raw.githubusercontent.com/PokeAPI/cries/main/cries/pokemon/latest/121.ogg
Tentacruel,180,16,550,"Water, Poison","Clear-Body, Liquid-Ooze, Rain-Dish",Poison-Barb,70,65,80,120,100,https://raw.githubusercontent.com/PokeAPI/sprites/master/sprites/pokemon/73.png,https://raw.githubusercontent.com/PokeAPI/cries/main/cries/pokemon/latest/73.ogg
Aerodactyl,180,18,590,"Rock, Flying","Rock-Head, Pressure, Unnerve",,105,65,60,75,130,https://raw.githubusercontent.com/PokeAPI/sprites/master/sprites/pokemon/142.png,https://raw.githubusercontent.com/PokeAPI/cries/main/cries/pokemon/latest/142.ogg
Beedrill,178,10,295,"Bug, Poison","Swarm, Sniper",Poison-Barb,90,40,45,80,75,https://raw.githubusercontent.com/PokeAPI/sprites/master/sprites/pokemon/15.png,https://raw.githubusercontent.com/PokeAPI/cries/main/cries/pokemon/latest/15.ogg
Ninetales,177,11,199,Fire,"Flash-Fire, Drought","Rawst-Berry, Charcoal",76,75,81,100,100,https://raw.githubusercontent.com/PokeAPI/sprites/master/sprites/pokemon/38.png,https://raw.githubusercontent.com/PokeAPI/cries/main/cries/pokemon/latest/38.ogg
Golduck,175,17,766,Water,"Damp, Cloud-Nine, Swift-Swim",,82,78,95,80,85,https://raw.githubusercontent.com/PokeAPI/sprites/master/sprites/pokemon/55.png,https://raw.githubusercontent.com/PokeAPI/cries/main/cries/pokemon/latest/55.ogg
Rapidash,175,17,950,Fire,"Run-Away, Flash-Fire, Flame-Body",Shuca-Berry,100,70,80,80,105,https://raw.githubusercontent.com/PokeAPI/sprites/master/sprites/pokemon/78.png,https://raw.githubusercontent.com/PokeAPI/cries/main/cries/pokemon/latest/78.ogg
Muk,175,12,300,Poison,"Stench, Sticky-Hold, Poison-Touch","Nugget, Toxic-Orb, Black-Sludge",105,75,65,100,50,https://raw.githubusercontent.com/PokeAPI/sprites/master/sprites/pokemon/89.png,https://raw.githubusercontent.com/PokeAPI/cries/main/cries/pokemon/latest/89.ogg
Pinsir,175,15,550,Bug,"Hyper-Cutter, Mold-Breaker, Moxie",,125,100,55,70,85,https://raw.githubusercontent.com/PokeAPI/sprites/master/sprites/pokemon/127.png,https://raw.githubusercontent.com/PokeAPI/cries/main/cries/pokemon/latest/127.ogg
Magmar,173,13,445,Fire,"Flame-Body, Vital-Spirit","Rawst-Berry, Magmarizer",95,57,100,85,93,https://raw.githubusercontent.com/PokeAPI/sprites/master/sprites/pokemon/126.png,https://raw.githubusercontent.com/PokeAPI/cries/main/cries/pokemon/latest/126.ogg
Omastar,173,10,350,"Rock, Water","Swift-Swim, Shell-Armor, Weak-Armor",,60,125,115,70,55,https://raw.githubusercontent.com/PokeAPI/sprites/master/sprites/pokemon/139.png,https://raw.githubusercontent.com/PokeAPI/cries/main/cries/pokemon/latest/139.ogg
Kabutops,173,13,405,"Rock, Water","Swift-Swim, Battle-Armor, Weak-Armor",,115,105,65,70,80,https://raw.githubusercontent.com/PokeAPI/sprites/master/sprites/pokemon/141.png,https://raw.githubusercontent.com/PokeAPI/cries/main/cries/pokemon/latest/141.ogg
Slowbro,172,16,785,"Water, Psychic","Oblivious, Own-Tempo, Regenerator",Kings-Rock,75,110,100,80,30,https://raw.githubusercontent.com/PokeAPI/sprites/master/sprites/pokemon/80.png,https://raw.githubusercontent.com/PokeAPI/cries/main/cries/pokemon/latest/80.ogg
Electrode,172,12,666,Electric,"Soundproof, Static, Aftermath",,50,70,80,80,150,https://raw.githubusercontent.com/PokeAPI/sprites/master/sprites/pokemon/101.png,https://raw.githubusercontent.com/PokeAPI/cries/main/cries/pokemon/latest/101.ogg
Weezing,172,12,95,Poison,"Levitate, Neutralizing-Gas, Stench",Smoke-Ball,90,120,85,70,60,https://raw.githubusercontent.com/PokeAPI/sprites/master/sprites/pokemon/110.png,https://raw.githubusercontent.com/PokeAPI/cries/main/cries/pokemon/latest/110.ogg
Kangaskhan,172,22,800,Normal,"Early-Bird, Scrappy, Inner-Focus",,95,80,40,80,90,https://raw.githubusercontent.com/PokeAPI/sprites/master/sprites/pokemon/115.png,https://raw.githubusercontent.com/PokeAPI/cries/main/cries/pokemon/latest/115.ogg
Electabuzz,172,11,300,Electric,"Static, Vital-Spirit",Electirizer,83,57,95,85,105,https://raw.githubusercontent.com/PokeAPI/sprites/master/sprites/pokemon/125.png,https://raw.githubusercontent.com/PokeAPI/cries/main/cries/pokemon/latest/125.ogg
Tauros,172,14,884,Normal,"Intimidate, Anger-Point, Sheer-Force",,100,95,40,70,110,https://raw.githubusercontent.com/PokeAPI/sprites/master/sprites/pokemon/128.png,https://raw.githubusercontent.com/PokeAPI/cries/main/cries/pokemon/latest/128.ogg
Rhydon,170,19,1200,"Ground, Rock","Lightning-Rod, Rock-Head, Reckless",,130,120,45,45,40,https://raw.githubusercontent.com/PokeAPI/sprites/master/sprites/pokemon/112.png,https://raw.githubusercontent.com/PokeAPI/cries/main/cries/pokemon/latest/112.ogg
Hypno,169,16,756,Psychic,"Insomnia, Forewarn, Inner-Focus",,73,70,73,115,67,https://raw.githubusercontent.com/PokeAPI/sprites/master/sprites/pokemon/97.png,https://raw.githubusercontent.com/PokeAPI/cries/main/cries/pokemon/latest/97.ogg
Dewgong,166,17,1200,"Water, Ice","Thick-Fat, Hydration, Ice-Body","Aspear-Berry, Never-Melt-Ice",70,80,70,95,70,https://raw.githubusercontent.com/PokeAPI/sprites/master/sprites/pokemon/87.png,https://raw.githubusercontent.com/PokeAPI/cries/main/cries/pokemon/latest/87.ogg
Kingler,166,13,600,Water,"Hyper-Cutter, Shell-Armor, Sheer-Force",,130,115,50,50,75,https://raw.githubusercontent.com/PokeAPI/sprites/master/sprites/pokemon/99.png,https://raw.githubusercontent.com/PokeAPI/cries/main/cries/pokemon/latest/99.ogg
Dodrio,165,18,852,"Normal, Flying","Run-Away, Early-Bird, Tangled-Feet",Sharp-Beak,110,70,60,60,110,https://raw.githubusercontent.com/PokeAPI/sprites/master/sprites/pokemon/85.png,https://raw.githubusercontent.com/PokeAPI/cries/main/cries/pokemon/latest/85.ogg
Magneton,163,10,600,"Electric, Steel","Magnet-Pull, Sturdy, Analytic","Metal-Coat, Magnet",60,95,120,70,70,https://raw.githubusercontent.com/PokeAPI/sprites/master/sprites/pokemon/82.png,https://raw.githubusercontent.com/PokeAPI/cries/main/cries/pokemon/latest/82.ogg
Mr-Mime,161,13,545,"Psychic, Fairy","Soundproof, Filter, Technician",Leppa-Berry,45,65,100,120,90,https://raw.githubusercontent.com/PokeAPI/sprites/master/sprites/pokemon/122.png,https://raw.githubusercontent.com/PokeAPI/cries/main/cries/pokemon/latest/122.ogg
Golbat,159,16,550,"Poison, Flying","Inner-Focus, Infiltrator",,80,70,65,75,90,https://raw.githubusercontent.com/PokeAPI/sprites/master/sprites/pokemon/42.png,https://raw.githubusercontent.com/PokeAPI/cries/main/cries/pokemon/latest/42.ogg
Primeape,159,10,320,Fighting,"Vital-Spirit, Anger-Point, Defiant",Payapa-Berry,105,60,60,70,95,https://raw.githubusercontent.com/PokeAPI/sprites/master/sprites/pokemon/57.png,https://raw.githubusercontent.com/PokeAPI/cries/main/cries/pokemon/latest/57.ogg
Hitmonlee,159,15,498,Fighting,"Limber, Reckless, Unburden",,120,53,35,110,87,https://raw.githubusercontent.com/PokeAPI/sprites/master/sprites/pokemon/106.png,https://raw.githubusercontent.com/PokeAPI/cries/main/cries/pokemon/latest/106.ogg
Hitmonchan,159,14,502,Fighting,"Keen-Eye, Iron-Fist, Inner-Focus",,105,79,35,110,76,https://raw.githubusercontent.com/PokeAPI/sprites/master/sprites/pokemon/107.png,https://raw.githubusercontent.com/PokeAPI/cries/main/cries/pokemon/latest/107.ogg
Jynx,159,14,406,"Ice, Psychic","Oblivious, Forewarn, Dry-Skin",Aspear-Berry,50,35,115,95,95,https://raw.githubusercontent.com/PokeAPI/sprites/master/sprites/pokemon/124.png,https://raw.githubusercontent.com/PokeAPI/cries/main/cries/pokemon/latest/124.ogg
Sandslash,158,10,295,Ground,"Sand-Veil, Sand-Rush","Quick-Claw, Soft-Sand, Grip-Claw",100,110,45,55,65,https://raw.githubusercontent.com/PokeAPI/sprites/master/sprites/pokemon/28.png,https://raw.githubusercontent.com/PokeAPI/cries/main/cries/pokemon/latest/28.ogg
Venomoth,158,15,125,"Bug, Poison","Shield-Dust, Tinted-Lens, Wonder-Skin","Silver-Powder, Shed-Shell",65,60,90,75,90,https://raw.githubusercontent.com/PokeAPI/sprites/master/sprites/pokemon/49.png,https://raw.githubusercontent.com/PokeAPI/cries/main/cries/pokemon/latest/49.ogg
Seaking,158,13,390,Water,"Swift-Swim, Water-Veil, Lightning-Rod",Mystic-Water,92,65,65,80,68,https://raw.githubusercontent.com/PokeAPI/sprites/master/sprites/pokemon/119.png,https://raw.githubusercontent.com/PokeAPI/cries/main/cries/pokemon/latest/119.ogg
Arbok,157,35,650,Poison,"Intimidate, Shed-Skin, Unnerve",Poison-Barb,95,69,65,79,80,https://raw.githubusercontent.com/PokeAPI/sprites/master/sprites/pokemon/24.png,https://raw.githubusercontent.com/PokeAPI/cries/main/cries/pokemon/latest/24.ogg
Fearow,155,12,380,"Normal, Flying","Keen-Eye, Sniper",Sharp-Beak,90,65,61,61,100,https://raw.githubusercontent.com/PokeAPI/sprites/master/sprites/pokemon/22.png,https://raw.githubusercontent.com/PokeAPI/cries/main/cries/pokemon/latest/22.ogg
Persian,154,10,320,Normal,"Limber, Technician, Unnerve",Quick-Claw,70,60,65,65,115,https://raw.githubusercontent.com/PokeAPI/sprites/master/sprites/pokemon/53.png,https://raw.githubusercontent.com/PokeAPI/cries/main/cries/pokemon/latest/53.ogg
Seadra,154,12,250,Water,"Poison-Point, Sniper, Damp",Dragon-Scale,65,95,95,45,85,https://raw.githubusercontent.com/PokeAPI/sprites/master/sprites/pokemon/117.png,https://raw.githubusercontent.com/PokeAPI/cries/main/cries/pokemon/latest/117.ogg
Dugtrio,149,7,333,Ground,"Sand-Veil, Arena-Trap, Sand-Force",Soft-Sand,100,50,50,70,120,https://raw.githubusercontent.com/PokeAPI/sprites/master/sprites/pokemon/51.png,https://raw.githubusercontent.com/PokeAPI/cries/main/cries/pokemon/latest/51.ogg
Marowak,149,10,450,Ground,"Rock-Head, Lightning-Rod, Battle-Armor",Thick-Club,80,110,50,80,45,https://raw.githubusercontent.com/PokeAPI/sprites/master/sprites/pokemon/105.png,https://raw.githubusercontent.com/PokeAPI/cries/main/cries/pokemon/latest/105.ogg
Dragonair,147,40,165,Dragon,"Shed-Skin, Marvel-Scale","Dragon-Scale, Dragon-Fang",84,65,70,70,70,https://raw.githubusercontent.com/PokeAPI/sprites/master/sprites/pokemon/148.png,https://raw.githubusercontent.com/PokeAPI/cries/main/cries/pokemon/latest/148.ogg
Raticate,145,7,185,Normal,"Run-Away, Guts, Hustle","Oran-Berry, Sitrus-Berry, Chilan-Berry",81,60,50,70,97,https://raw.githubusercontent.com/PokeAPI/sprites/master/sprites/pokemon/20.png,https://raw.githubusercontent.com/PokeAPI/cries/main/cries/pokemon/latest/20.ogg
Ivysaur,142,10,130,"Grass, Poison","Overgrow, Chlorophyll",,62,63,80,80,60,https://raw.githubusercontent.com/PokeAPI/sprites/master/sprites/pokemon/2.png,https://raw.githubusercontent.com/PokeAPI/cries/main/cries/pokemon/latest/2.ogg
Charmeleon,142,11,190,Fire,"Blaze, Solar-Power",,64,58,80,65,80,https://raw.githubusercontent.com/PokeAPI/sprites/master/sprites/pokemon/5.png,https://raw.githubusercontent.com/PokeAPI/cries/main/cries/pokemon/latest/5.ogg
Wartortle,142,10,225,Water,"Torrent, Rain-Dish",,63,80,65,80,58,https://raw.githubusercontent.com/PokeAPI/sprites/master/sprites/pokemon/8.png,https://raw.githubusercontent.com/PokeAPI/cries/main/cries/pokemon/latest/8.ogg
Parasect,142,10,295,"Bug, Grass","Effect-Spore, Dry-Skin, Damp","Tiny-Mushroom, Big-Mushroom, Balm-Mushroom",95,80,60,80,30,https://raw.githubusercontent.com/PokeAPI/sprites/master/sprites/pokemon/47.png,https://raw.githubusercontent.com/PokeAPI/cries/main/cries/pokemon/latest/47.ogg
Machoke,142,15,705,Fighting,"Guts, No-Guard, Steadfast",Focus-Band,100,70,50,60,45,https://raw.githubusercontent.com/PokeAPI/sprites/master/sprites/pokemon/67.png,https://raw.githubusercontent.com/PokeAPI/cries/main/cries/pokemon/latest/67.ogg
Haunter,142,16,1,"Ghost, Poison",Levitate,Spell-Tag,50,45,115,55,95,https://raw.githubusercontent.com/PokeAPI/sprites/master/sprites/pokemon/93.png,https://raw.githubusercontent.com/PokeAPI/cries/main/cries/pokemon/latest/93.ogg
Kadabra,140,13,565,Psychic,"Synchronize, Inner-Focus, Magic-Guard",Twisted-Spoon,35,30,120,70,105,https://raw.githubusercontent.com/PokeAPI/sprites/master/sprites/pokemon/64.png,https://raw.githubusercontent.com/PokeAPI/cries/main/cries/pokemon/latest/64.ogg
Gloom,138,8,86,"Grass, Poison","Chlorophyll, Stench",Absorb-Bulb,65,70,85,75,40,https://raw.githubusercontent.com/PokeAPI/sprites/master/sprites/pokemon/44.png,https://raw.githubusercontent.com/PokeAPI/cries/main/cries/pokemon/latest/44.ogg
Weepinbell,137,10,64,"Grass, Poison","Chlorophyll, Gluttony",,90,50,85,45,55,https://raw.githubusercontent.com/PokeAPI/sprites/master/sprites/pokemon/70.png,https://raw.githubusercontent.com/PokeAPI/cries/main/cries/pokemon/latest/70.ogg
Graveler,137,10,1050,"Rock, Ground","Rock-Head, Sturdy, Sand-Veil","Everstone, Hard-Stone",95,115,45,45,35,https://raw.githubusercontent.com/PokeAPI/sprites/master/sprites/pokemon/75.png,https://raw.githubusercontent.com/PokeAPI/cries/main/cries/pokemon/latest/75.ogg
Poliwhirl,135,10,200,Water,"Water-Absorb, Damp, Swift-Swim",Kings-Rock,65,65,50,50,90,https://raw.githubusercontent.com/PokeAPI/sprites/master/sprites/pokemon/61.png,https://raw.githubusercontent.com/PokeAPI/cries/main/cries/pokemon/latest/61.ogg
Farfetchd,132,8,150,"Normal, Flying","Keen-Eye, Inner-Focus, Defiant",Stick,90,55,58,62,60,https://raw.githubusercontent.com/PokeAPI/sprites/master/sprites/pokemon/83.png,https://raw.githubusercontent.com/PokeAPI/cries/main/cries/pokemon/latest/83.ogg
Nidorina,128,8,200,Poison,"Poison-Point, Rivalry, Hustle",,62,67,55,55,56,https://raw.githubusercontent.com/PokeAPI/sprites/master/sprites/pokemon/30.png,https://raw.githubusercontent.com/PokeAPI/cries/main/cries/pokemon/latest/30.ogg
Nidorino,128,9,195,Poison,"Poison-Point, Rivalry, Hustle",,72,57,55,55,65,https://raw.githubusercontent.com/PokeAPI/sprites/master/sprites/pokemon/33.png,https://raw.githubusercontent.com/PokeAPI/cries/main/cries/pokemon/latest/33.ogg
Pidgeotto,122,11,300,"Normal, Flying","Keen-Eye, Tangled-Feet, Big-Pecks",,60,55,50,50,71,https://raw.githubusercontent.com/PokeAPI/sprites/master/sprites/pokemon/17.png,https://raw.githubusercontent.com/PokeAPI/cries/main/cries/pokemon/latest/17.ogg
Clefairy,113,6,75,Fairy,"Cute-Charm, Magic-Guard, Friend-Guard","Moon-Stone, Leppa-Berry, Comet-Shard",45,48,60,65,35,https://raw.githubusercontent.com/PokeAPI/sprites/master/sprites/pokemon/35.png,https://raw.githubusercontent.com/PokeAPI/cries/main/cries/pokemon/latest/35.ogg
Pikachu,112,4,60,Electric,"Static, Lightning-Rod","Oran-Berry, Light-Ball",55,40,50,50,90,https://raw.githubusercontent.com/PokeAPI/sprites/master/sprites/pokemon/25.png,https://raw.githubusercontent.com/PokeAPI/cries/main/cries/pokemon/latest/25.ogg
Ditto,101,3,40,Normal,"Limber, Imposter","Metal-Powder, Quick-Powder",48,48,48,48,48,https://raw.githubusercontent.com/PokeAPI/sprites/master/sprites/pokemon/132.png,https://raw.githubusercontent.com/PokeAPI/cries/main/cries/pokemon/latest/132.ogg
Scyther,100,15,560,"Bug, Flying","Swarm, Technician, Steadfast",,110,80,55,80,105,https://raw.githubusercontent.com/PokeAPI/sprites/master/sprites/pokemon/123.png,https://raw.githubusercontent.com/PokeAPI/cries/main/cries/pokemon/latest/123.ogg
Jigglypuff,95,5,55,"Normal, Fairy","Cute-Charm, Competitive, Friend-Guard","Moon-Stone, Oran-Berry",45,20,45,25,20,https://raw.githubusercontent.com/PokeAPI/sprites/master/sprites/pokemon/39.png,https://raw.githubusercontent.com/PokeAPI/cries/main/cries/pokemon/latest/39.ogg
Tangela,87,10,350,Grass,"Chlorophyll, Leaf-Guard, Regenerator",,55,115,100,40,60,https://raw.githubusercontent.com/PokeAPI/sprites/master/sprites/pokemon/114.png,https://raw.githubusercontent.com/PokeAPI/cries/main/cries/pokemon/latest/114.ogg
Ponyta,82,10,300,Fire,"Run-Away, Flash-Fire, Flame-Body",Shuca-Berry,85,55,65,65,90,https://raw.githubusercontent.com/PokeAPI/sprites/master/sprites/pokemon/77.png,https://raw.githubusercontent.com/PokeAPI/cries/main/cries/pokemon/latest/77.ogg
Porygon,79,8,365,Normal,"Trace, Download, Analytic",,60,70,85,75,40,https://raw.githubusercontent.com/PokeAPI/sprites/master/sprites/pokemon/137.png,https://raw.githubusercontent.com/PokeAPI/cries/main/cries/pokemon/latest/137.ogg
Onix,77,88,2100,"Rock, Ground","Rock-Head, Sturdy, Weak-Armor",Hard-Stone,45,160,30,45,70,https://raw.githubusercontent.com/PokeAPI/sprites/master/sprites/pokemon/95.png,https://raw.githubusercontent.com/PokeAPI/cries/main/cries/pokemon/latest/95.ogg
Lickitung,77,12,655,Normal,"Own-Tempo, Oblivious, Cloud-Nine",Lagging-Tail,55,75,60,75,30,https://raw.githubusercontent.com/PokeAPI/sprites/master/sprites/pokemon/108.png,https://raw.githubusercontent.com/PokeAPI/cries/main/cries/pokemon/latest/108.ogg
Metapod,72,7,99,Bug,Shed-Skin,,20,55,25,25,30,https://raw.githubusercontent.com/PokeAPI/sprites/master/sprites/pokemon/11.png,https://raw.githubusercontent.com/PokeAPI/cries/main/cries/pokemon/latest/11.ogg
Kakuna,72,6,100,"Bug, Poison",Shed-Skin,,25,50,25,25,35,https://raw.githubusercontent.com/PokeAPI/sprites/master/sprites/pokemon/14.png,https://raw.githubusercontent.com/PokeAPI/cries/main/cries/pokemon/latest/14.ogg
Omanyte,71,4,75,"Rock, Water","Swift-Swim, Shell-Armor, Weak-Armor",,40,100,90,55,35,https://raw.githubusercontent.com/PokeAPI/sprites/master/sprites/pokemon/138.png,https://raw.githubusercontent.com/PokeAPI/cries/main/cries/pokemon/latest/138.ogg
Kabuto,71,5,115,"Rock, Water","Swift-Swim, Battle-Armor, Weak-Armor",,80,90,55,45,55,https://raw.githubusercontent.com/PokeAPI/sprites/master/sprites/pokemon/140.png,https://raw.githubusercontent.com/PokeAPI/cries/main/cries/pokemon/latest/140.ogg
Growlithe,70,7,190,Fire,"Intimidate, Flash-Fire, Justified",Rawst-Berry,70,45,70,50,60,https://raw.githubusercontent.com/PokeAPI/sprites/master/sprites/pokemon/58.png,https://raw.githubusercontent.com/PokeAPI/cries/main/cries/pokemon/latest/58.ogg
Rhyhorn,69,10,1150,"Ground, Rock","Lightning-Rod, Rock-Head, Reckless",,85,95,30,30,25,https://raw.githubusercontent.com/PokeAPI/sprites/master/sprites/pokemon/111.png,https://raw.githubusercontent.com/PokeAPI/cries/main/cries/pokemon/latest/111.ogg
Koffing,68,6,10,Poison,"Levitate, Neutralizing-Gas, Stench",Smoke-Ball,65,95,60,45,35,https://raw.githubusercontent.com/PokeAPI/sprites/master/sprites/pokemon/109.png,https://raw.githubusercontent.com/PokeAPI/cries/main/cries/pokemon/latest/109.ogg
Staryu,68,8,345,Water,"Illuminate, Natural-Cure, Analytic","Stardust, Star-Piece",45,55,70,55,85,https://raw.githubusercontent.com/PokeAPI/sprites/master/sprites/pokemon/120.png,https://raw.githubusercontent.com/PokeAPI/cries/main/cries/pokemon/latest/120.ogg
Tentacool,67,9,455,"Water, Poison","Clear-Body, Liquid-Ooze, Rain-Dish",Poison-Barb,40,35,50,100,70,https://raw.githubusercontent.com/PokeAPI/sprites/master/sprites/pokemon/72.png,https://raw.githubusercontent.com/PokeAPI/cries/main/cries/pokemon/latest/72.ogg
Drowzee,66,10,324,Psychic,"Insomnia, Forewarn, Inner-Focus",,48,45,43,90,42,https://raw.githubusercontent.com/PokeAPI/sprites/master/sprites/pokemon/96.png,https://raw.githubusercontent.com/PokeAPI/cries/main/cries/pokemon/latest/96.ogg
Voltorb,66,5,104,Electric,"Soundproof, Static, Aftermath",,30,50,55,55,100,https://raw.githubusercontent.com/PokeAPI/sprites/master/sprites/pokemon/100.png,https://raw.githubusercontent.com/PokeAPI/cries/main/cries/pokemon/latest/100.ogg
Magnemite,65,3,60,"Electric, Steel","Magnet-Pull, Sturdy, Analytic",Metal-Coat,35,70,95,55,45,https://raw.githubusercontent.com/PokeAPI/sprites/master/sprites/pokemon/81.png,https://raw.githubusercontent.com/PokeAPI/cries/main/cries/pokemon/latest/81.ogg
Seel,65,11,900,Water,"Thick-Fat, Hydration, Ice-Body",Aspear-Berry,45,55,45,70,45,https://raw.githubusercontent.com/PokeAPI/sprites/master/sprites/pokemon/86.png,https://raw.githubusercontent.com/PokeAPI/cries/main/cries/pokemon/latest/86.ogg
Grimer,65,9,300,Poison,"Stench, Sticky-Hold, Poison-Touch","Nugget, Black-Sludge",80,50,40,50,25,https://raw.githubusercontent.com/PokeAPI/sprites/master/sprites/pokemon/88.png,https://raw.githubusercontent.com/PokeAPI/cries/main/cries/pokemon/latest/88.ogg
Krabby,65,4,65,Water,"Hyper-Cutter, Shell-Armor, Sheer-Force",,105,90,25,25,50,https://raw.githubusercontent.com/PokeAPI/sprites/master/sprites/pokemon/98.png,https://raw.githubusercontent.com/PokeAPI/cries/main/cries/pokemon/latest/98.ogg
Exeggcute,65,4,25,"Grass, Psychic","Chlorophyll, Harvest",Psychic-Seed,40,80,60,45,40,https://raw.githubusercontent.com/PokeAPI/sprites/master/sprites/pokemon/102.png,https://raw.githubusercontent.com/PokeAPI/cries/main/cries/pokemon/latest/102.ogg
Eevee,65,3,65,Normal,"Run-Away, Adaptability, Anticipation",,55,50,45,65,55,https://raw.githubusercontent.com/PokeAPI/sprites/master/sprites/pokemon/133.png,https://raw.githubusercontent.com/PokeAPI/cries/main/cries/pokemon/latest/133.ogg
Bulbasaur,64,7,69,"Grass, Poison","Overgrow, Chlorophyll",,49,49,65,65,45,https://raw.githubusercontent.com/PokeAPI/sprites/master/sprites/pokemon/1.png,https://raw.githubusercontent.com/PokeAPI/cries/main/cries/pokemon/latest/1.ogg
Oddish,64,5,54,"Grass, Poison","Chlorophyll, Run-Away",Absorb-Bulb,50,55,75,65,30,https://raw.githubusercontent.com/PokeAPI/sprites/master/sprites/pokemon/43.png,https://raw.githubusercontent.com/PokeAPI/cries/main/cries/pokemon/latest/43.ogg
Psyduck,64,8,196,Water,"Damp, Cloud-Nine, Swift-Swim",,52,48,65,50,55,https://raw.githubusercontent.com/PokeAPI/sprites/master/sprites/pokemon/54.png,https://raw.githubusercontent.com/PokeAPI/cries/main/cries/pokemon/latest/54.ogg
Cubone,64,4,65,Ground,"Rock-Head, Lightning-Rod, Battle-Armor",Thick-Club,50,95,40,50,35,https://raw.githubusercontent.com/PokeAPI/sprites/master/sprites/pokemon/104.png,https://raw.githubusercontent.com/PokeAPI/cries/main/cries/pokemon/latest/104.ogg
Goldeen,64,6,150,Water,"Swift-Swim, Water-Veil, Lightning-Rod",Mystic-Water,67,60,35,50,63,https://raw.githubusercontent.com/PokeAPI/sprites/master/sprites/pokemon/118.png,https://raw.githubusercontent.com/PokeAPI/cries/main/cries/pokemon/latest/118.ogg
Squirtle,63,5,90,Water,"Torrent, Rain-Dish",,48,65,50,64,43,https://raw.githubusercontent.com/PokeAPI/sprites/master/sprites/pokemon/7.png,https://raw.githubusercontent.com/PokeAPI/cries/main/cries/pokemon/latest/7.ogg
Slowpoke,63,12,360,"Water, Psychic","Oblivious, Own-Tempo, Regenerator","Kings-Rock, Lagging-Tail",65,65,40,40,15,https://raw.githubusercontent.com/PokeAPI/sprites/master/sprites/pokemon/79.png,https://raw.githubusercontent.com/PokeAPI/cries/main/cries/pokemon/latest/79.ogg
Charmander,62,6,85,Fire,"Blaze, Solar-Power",,52,43,60,50,65,https://raw.githubusercontent.com/PokeAPI/sprites/master/sprites/pokemon/4.png,https://raw.githubusercontent.com/PokeAPI/cries/main/cries/pokemon/latest/4.ogg
Abra,62,9,195,Psychic,"Synchronize, Inner-Focus, Magic-Guard",Twisted-Spoon,20,15,105,55,90,https://raw.githubusercontent.com/PokeAPI/sprites/master/sprites/pokemon/63.png,https://raw.githubusercontent.com/PokeAPI/cries/main/cries/pokemon/latest/63.ogg
Doduo,62,14,392,"Normal, Flying","Run-Away, Early-Bird, Tangled-Feet",Sharp-Beak,85,45,35,35,75,https://raw.githubusercontent.com/PokeAPI/sprites/master/sprites/pokemon/84.png,https://raw.githubusercontent.com/PokeAPI/cries/main/cries/pokemon/latest/84.ogg
Gastly,62,13,1,"Ghost, Poison",Levitate,,35,30,100,35,80,https://raw.githubusercontent.com/PokeAPI/sprites/master/sprites/pokemon/92.png,https://raw.githubusercontent.com/PokeAPI/cries/main/cries/pokemon/latest/92.ogg
Venonat,61,10,300,"Bug, Poison","Compound-Eyes, Tinted-Lens, Run-Away",,55,50,40,55,45,https://raw.githubusercontent.com/PokeAPI/sprites/master/sprites/pokemon/48.png,https://raw.githubusercontent.com/PokeAPI/cries/main/cries/pokemon/latest/48.ogg
Mankey,61,5,280,Fighting,"Vital-Spirit, Anger-Point, Defiant",Payapa-Berry,80,35,35,45,70,https://raw.githubusercontent.com/PokeAPI/sprites/master/sprites/pokemon/56.png,https://raw.githubusercontent.com/PokeAPI/cries/main/cries/pokemon/latest/56.ogg
Machop,61,8,195,Fighting,"Guts, No-Guard, Steadfast",Focus-Band,80,50,35,35,35,https://raw.githubusercontent.com/PokeAPI/sprites/master/sprites/pokemon/66.png,https://raw.githubusercontent.com/PokeAPI/cries/main/cries/pokemon/latest/66.ogg
Shellder,61,3,40,Water,"Shell-Armor, Skill-Link, Overcoat","Pearl, Big-Pearl",65,100,45,25,40,https://raw.githubusercontent.com/PokeAPI/sprites/master/sprites/pokemon/90.png,https://raw.githubusercontent.com/PokeAPI/cries/main/cries/pokemon/latest/90.ogg
Sandshrew,60,6,120,Ground,"Sand-Veil, Sand-Rush","Quick-Claw, Grip-Claw",75,85,20,30,40,https://raw.githubusercontent.com/PokeAPI/sprites/master/sprites/pokemon/27.png,https://raw.githubusercontent.com/PokeAPI/cries/main/cries/pokemon/latest/27.ogg
Vulpix,60,6,99,Fire,"Flash-Fire, Drought","Rawst-Berry, Charcoal",41,40,50,65,65,https://raw.githubusercontent.com/PokeAPI/sprites/master/sprites/pokemon/37.png,https://raw.githubusercontent.com/PokeAPI/cries/main/cries/pokemon/latest/37.ogg
Poliwag,60,6,124,Water,"Water-Absorb, Damp, Swift-Swim",,50,40,40,40,90,https://raw.githubusercontent.com/PokeAPI/sprites/master/sprites/pokemon/60.png,https://raw.githubusercontent.com/PokeAPI/cries/main/cries/pokemon/latest/60.ogg
Bellsprout,60,7,40,"Grass, Poison","Chlorophyll, Gluttony",,75,35,70,30,40,https://raw.githubusercontent.com/PokeAPI/sprites/master/sprites/pokemon/69.png,https://raw.githubusercontent.com/PokeAPI/cries/main/cries/pokemon/latest/69.ogg
Geodude,60,4,200,"Rock, Ground","Rock-Head, Sturdy, Sand-Veil",Everstone,80,100,30,30,20,https://raw.githubusercontent.com/PokeAPI/sprites/master/sprites/pokemon/74.png,https://raw.githubusercontent.com/PokeAPI/cries/main/cries/pokemon/latest/74.ogg
Dratini,60,18,33,Dragon,"Shed-Skin, Marvel-Scale",Dragon-Scale,64,45,50,50,50,https://raw.githubusercontent.com/PokeAPI/sprites/master/sprites/pokemon/147.png,https://raw.githubusercontent.com/PokeAPI/cries/main/cries/pokemon/latest/147.ogg
Horsea,59,4,80,Water,"Swift-Swim, Sniper, Damp",Dragon-Scale,40,70,70,25,60,https://raw.githubusercontent.com/PokeAPI/sprites/master/sprites/pokemon/116.png,https://raw.githubusercontent.com/PokeAPI/cries/main/cries/pokemon/latest/116.ogg
Ekans,58,20,69,Poison,"Intimidate, Shed-Skin, Unnerve",,60,44,40,54,55,https://raw.githubusercontent.com/PokeAPI/sprites/master/sprites/pokemon/23.png,https://raw.githubusercontent.com/PokeAPI/cries/main/cries/pokemon/latest/23.ogg
Meowth,58,4,42,Normal,"Pickup, Technician, Unnerve","Nugget, Quick-Claw",45,35,40,40,90,https://raw.githubusercontent.com/PokeAPI/sprites/master/sprites/pokemon/52.png,https://raw.githubusercontent.com/PokeAPI/cries/main/cries/pokemon/latest/52.ogg
Paras,57,3,54,"Bug, Grass","Effect-Spore, Dry-Skin, Damp","Tiny-Mushroom, Big-Mushroom, Balm-Mushroom",70,55,45,55,25,https://raw.githubusercontent.com/PokeAPI/sprites/master/sprites/pokemon/46.png,https://raw.githubusercontent.com/PokeAPI/cries/main/cries/pokemon/latest/46.ogg
Nidoran-F,55,4,70,Poison,"Poison-Point, Rivalry, Hustle",,47,52,40,40,41,https://raw.githubusercontent.com/PokeAPI/sprites/master/sprites/pokemon/29.png,https://raw.githubusercontent.com/PokeAPI/cries/main/cries/pokemon/latest/29.ogg
Nidoran-M,55,5,90,Poison,"Poison-Point, Rivalry, Hustle",,57,40,40,40,50,https://raw.githubusercontent.com/PokeAPI/sprites/master/sprites/pokemon/32.png,https://raw.githubusercontent.com/PokeAPI/cries/main/cries/pokemon/latest/32.ogg
Diglett,53,2,8,Ground,"Sand-Veil, Arena-Trap, Sand-Force",Soft-Sand,55,25,35,45,95,https://raw.githubusercontent.com/PokeAPI/sprites/master/sprites/pokemon/50.png,https://raw.githubusercontent.com/PokeAPI/cries/main/cries/pokemon/latest/50.ogg
Spearow,52,3,20,"Normal, Flying","Keen-Eye, Sniper",Sharp-Beak,60,30,31,31,70,https://raw.githubusercontent.com/PokeAPI/sprites/master/sprites/pokemon/21.png,https://raw.githubusercontent.com/PokeAPI/cries/main/cries/pokemon/latest/21.ogg
Rattata,51,3,35,Normal,"Run-Away, Guts, Hustle",Chilan-Berry,56,35,25,35,72,https://raw.githubusercontent.com/PokeAPI/sprites/master/sprites/pokemon/19.png,https://raw.githubusercontent.com/PokeAPI/cries/main/cries/pokemon/latest/19.ogg
Pidgey,50,3,18,"Normal, Flying","Keen-Eye, Tangled-Feet, Big-Pecks",,45,40,35,35,56,https://raw.githubusercontent.com/PokeAPI/sprites/master/sprites/pokemon/16.png,https://raw.githubusercontent.com/PokeAPI/cries/main/cries/pokemon/latest/16.ogg
Zubat,49,8,75,"Poison, Flying","Inner-Focus, Infiltrator",,45,35,30,40,55,https://raw.githubusercontent.com/PokeAPI/sprites/master/sprites/pokemon/41.png,https://raw.githubusercontent.com/PokeAPI/cries/main/cries/pokemon/latest/41.ogg
Magikarp,40,9,100,Water,"Swift-Swim, Rattled",,10,55,15,20,80,https://raw.githubusercontent.com/PokeAPI/sprites/master/sprites/pokemon/129.png,https://raw.githubusercontent.com/PokeAPI/cries/main/cries/pokemon/latest/129.ogg
Caterpie,39,3,29,Bug,"Shield-Dust, Run-Away",,30,35,20,20,45,https://raw.githubusercontent.com/PokeAPI/sprites/master/sprites/pokemon/10.png,https://raw.githubusercontent.com/PokeAPI/cries/main/cries/pokemon/latest/10.ogg
Weedle,39,3,32,"Bug, Poison","Shield-Dust, Run-Away",,35,30,20,20,50,https://raw.githubusercontent.com/PokeAPI/sprites/master/sprites/pokemon/13.png,https://raw.githubusercontent.com/PokeAPI/cries/main/cries/pokemon/latest/13.ogg